sample-id	plate	well	barcode-sequence	primer	pcr_strip	extraction_date	soil_sampling_date	extractor	soil_added_g	concentration_ng_uL	samplename	site	Quadrat	sitetype	restoration_year	bison	fire_2022	plotsite_plants	plantrichness	plantshannon	c4grass_percent_cover	c4grass_proportion_cover	nfix_percent_cover	nfix_proportion_cover	woody_percent_cover	graminoid_cover	forb_cover	gram_nongram_cover_ratio	perc_water	aboveground_plant_biomass_g	betaglucosidase_nmol_g_h	NAG_nmol_g_h	acid_phosphomonoesterase_nmol_g_h	polyphenoloxidase_nmol_g_h	peroxidase_nmol_g_h	soil_percent_water	plant_FDis	plant_FDis_leaf_traits_only
#q2:types	categorical	categorical	categorical	categorical	categorical	categorical	categorical	categorical	numeric	numeric	categorical	categorical	categorical	categorical	numeric	categorical	categorical	categorical	numeric	numeric	numeric	numeric	numeric	numeric	numeric	numeric	numeric	numeric	numeric	numeric	numeric	numeric	numeric	numeric	numeric	numeric	numeric	numeric
CCE-A2-77.0	plate3	h1	CTATGTATTAGT	806rcbc276	k5	11/20/24	6/22/22	AJ	0.211	231.44	77_CCE-A2	CCE	A2	restoration	2006.0	no	yes	CCE-A2	14.0	2.3071941	15.0	0.211267606	9.0	0.126760563	0.0	15.0	56.0	0.267857143	10.51260504	52.57	1.99239	0.844093	2.830404	0.37135	0.244277	10.51260504	0.19735675	0.19997828
CCE-A4-69.0	plate3	g5	TGCACAGTCGCT	806rcbc268	j5	11/20/24	6/22/22	DK	0.2168	183.85	69_CCE-A4	CCE	A4	restoration	2006.0	no	yes	CCE-A4	15.0	2.4521842	25.0	0.324675325	11.0	0.142857143	0.0	25.0	52.0	0.480769231	11.33683792	164.02	2.056153	0.651517		0.296464	0.47538	11.33683792	0.23517178	0.24036854
CCE-A5-92.0	plate2	a8	GCGAGCGAAGTA	806rcbc103	L12	11/25/24	2022-22-06	AJ	0.221	265.34	92_CCE-A5	CCE	A5	restoration	2006.0	no	yes	CCE-A5	16.0	2.2166951	15.0	0.197368421	5.0	0.065789474	0.0	15.0	61.0	0.245901639	9.378843125	64.25	2.155006	0.858719	1.788076	0.217953	0.457456	9.378843125	0.17745678	0.16718751
CCE-B2-104.0	plate2	b8	TACCGAAGGTAT	806rcbc115	m12	12/6/24	2022-22-06	AJ	0.247	173.79	104_CCE-B2	CCE	B2	restoration	2006.0	no	yes	CCE-B2	10.0	1.8173642	45.0	0.511363636	23.0	0.261363636	0.0	45.0	43.0	1.046511628	8.679364411	61.79	1.827093	0.910366	1.774304	0.251959	0.316652	8.679364411	0.27263352	0.28015692
CCE-C4-67.0	plate3	g3	TTGCGGACCCTA	806rcbc266	j3	11/20/24	6/22/22	DK	0.2384	154.24	67_CCE-C4	CCE	C4	restoration	2006.0	no	yes	CCE-C4	13.0	1.9268177	25.0	0.277777778	5.0	0.055555556	0.0	25.0	65.0	0.384615385	5.234542492	30.74	1.863811	0.493275	2.161231	0.122686	0.277439	5.234542492	0.18921761	0.19784378
CCE-D1-177.0	plate2	h9	TGGTCGCATCGT	806rcbc188	T5	2/5/25	2022-22-06	AJ	0.233	152.0	177_CCE-D1	CCE	D1	restoration	2006.0	no	yes	CCE-D1	17.0	2.2585006	52.0	0.658227848	5.0	0.063291139	0.0	52.0	27.0	1.925925926	5.920790688	38.62	2.297761	0.842798	3.053565	0.120321	0.305314	5.920790688	0.20209034	0.21303781
CCE-D2-41.0	plate3	e1	TGATGTGCTAAG	806rcbc240	g1	10/28/24	6/22/22	AJ	0.205	142.32	41_CCE-D2	CCE	D2	restoration	2006.0	no	yes	CCE-D2	22.0	2.73811	39.0	0.590909091	7.0	0.106060606	0.0	39.0	27.0	1.444444444	6.311847528	76.36	1.523977	0.665807		0.139989	0.290122	6.311847528	0.23476832	0.25769454
CCE-E3-181.0	plate1	a1	TCCCTTGTCTCC	806rcbc0	T9	2/12/25	2022-22-06	RAM	0.24	128.0	181_CCE-E3	CCE	E3	restoration	2006.0	no	yes	CCE-E3	12.0	1.9924367	51.0	0.56043956	0.0	0.0	0.0	51.0	40.0	1.275	7.888166718	55.94	1.805835	0.659713	1.957929	0.184854	0.473395	7.888166718	0.18658458	0.20468305
CCE-E4-46.0	plate3	e6	ACATACTGAGCA	806rcbc245	f7	10/28/24	6/22/22	AJ	0.212	180.63	46_CCE-E4	CCE	E4	restoration	2006.0	no	yes	CCE-E4	13.0	2.0891148	33.0	0.492537313	2.0	0.029850746	0.0	33.0	34.0	0.970588235	9.322322171	37.83	2.380747	1.127521	3.063179	0.239676	0.562718	9.322322171	0.2067659	0.22684058
CCE-E5-123.0	plate2	d3	TGCAGCAAGATT	806rcbc134	O9	12/10/24	2022-22-06	AJ	0.231	222.33	123_CCE-E5	CCE	E5	restoration	2006.0	no	yes	CCE-E5	14.0	2.4720468	45.0	0.489130435	1.0	0.010869565	0.0	45.0	47.0	0.957446809	10.84894893	71.64	2.207807	0.846876	1.815834	0.241183	0.308761	10.84894893	0.20357079	0.21277465
CCEE-A3-9.0	plate3	a9	GACTCAACCAGT	806rcbc200	b1	10/18/24	6/22/22	RAM	0.2051	170.47	9_CCEE-A3	CCEE	A3	restoration	2006.0	no	yes	CCEE-A3	19.0	2.6878441	27.0	0.397058824	5.0	0.073529412	0.0	27.0	41.0	0.658536585	7.689777506	37.48	2.372836	1.1561	2.173981	0.162367	0.337103	7.689777506	0.22354636	0.23450497
CCEE-A4-175.0	plate2	h7	CTGATCCATCTT	806rcbc186	T3	2/5/25	2022-22-06	AJ	0.231	300.0	175_CCEE-A4	CCEE	A4	restoration	2006.0	no	yes	CCEE-A4	14.0	2.15104	40.0	0.571428571	3.0	0.042857143	0.0	40.0	30.0	1.333333333	10.67977695	99.91	2.04352	1.041142	2.196724	0.201607	0.330104	10.67977695	0.20849257	0.2248066
CCEE-A5-152.0	plate2	f8	CACCTTACCTTA	806rcbc163	R2	1/29/25	2022-22-06	RAM	0.24	264.0	152_CCEE-A5	CCEE	A5	restoration	2006.0	no	yes	CCEE-A5	13.0	2.0879774	40.0	0.506329114	6.0	0.075949367	0.0	40.0	39.0	1.025641026	9.377990431	63.05	1.524844	0.767765	1.898345	0.197273	0.119146	9.377990431	0.21171509	0.2242507
CCEE-B2-127.0	plate2	d7	GTAGAGGTAGAG	806rcbc138	P1	12/10/24	2022-22-06	AJ	0.235	209.49	127_CCEE-B2	CCEE	B2	restoration	2006.0	no	yes	CCEE-B2	13.0	2.4177633	14.0	0.269230769	5.0	0.096153846	0.0	14.0	38.0	0.368421053	10.9682693	48.1	1.878702	0.580588	1.969897	0.183208	0.330009	10.9682693	0.20504821	0.20823608
CCEE-C3-5.0	plate3	a5	CGCGCCTTAAAC	806rcbc196	a5	10/18/24	6/22/22	DK	0.2468	250.22	5_CCEE-C3	CCEE	C3	restoration	2006.0	no	yes	CCEE-C3	14.0	2.2573857	55.0	0.578947368	1.0	0.010526316	0.0	55.0	40.0	1.375	7.786106306	66.75	1.794755	0.716874	1.429497	0.156398	0.194275	7.786106306	0.20360711	0.2225884
CCEE-C4-80.0	plate3	h4	GACTCTGCTCAG	806rcbc279	k8	11/20/24	6/22/22	AJ	0.232	145.46	80_CCEE-C4	CCEE	C4	restoration	2006.0	no	yes	CCEE-C4	12.0	2.2119288	38.0	0.422222222	6.0	0.066666667	0.0	38.0	52.0	0.730769231	7.381952926	38.14	1.994007	0.896457	1.495023	0.171128	0.121088	7.381952926	0.22080078	0.23638769
CCEE-D1-171.0	plate2	h3	CGCTGTGGATTA	806rcbc182	S11	2/5/25	2022-22-06	AJ	0.235	256.0	171_CCEE-D1	CCEE	D1	restoration	2006.0	no	yes	CCEE-D1	15.0	2.3009479	21.0	0.318181818	8.0	0.121212121	0.0	21.0	45.0	0.466666667		87.25							0.22891792	0.22615286
CCEE-D2-122.0	plate2	d2	ACCCAAGCGTTA	806rcbc133	O8	12/10/24	2022-22-06	RAM	0.23	235.5	122_CCEE-D2	CCEE	D2	restoration	2006.0	no	yes	CCEE-D2	11.0	0.8615222	78.0	0.829787234	4.0	0.042553191	0.0	78.0	16.0	4.875	10.36501136	101.02	1.831255	0.716653	2.228239	0.236832	0.318272	10.36501136	0.10380734	0.11494157
CCEE-E4-78.0	plate3	h2	ACTCCCGTGTGA	806rcbc277	k6	11/20/24	6/22/22	AJ	0.213	152.71	78_CCEE-E4	CCEE	E4	restoration	2006.0	no	yes	CCEE-E4	13.0	1.3518198	64.0	0.695652174	5.0	0.054347826	0.0	64.0	28.0	2.285714286	7.408896304	78.91	1.614401	0.764373	1.769286	0.242953	0.192382	7.408896304	0.18702716	0.19516233
CCEE-E5-3.0	plate3	a3	AGCCCTGCTACA	806rcbc194	a3	10/18/24	6/22/22	DK	0.2224	154.02	3_CCEE-E5	CCEE	E5	restoration	2006.0	no	yes	CCEE-E5	9.0	0.9865925	66.0	0.75862069	2.0	0.022988506	0.0	66.0	21.0	3.142857143	12.60338933	93.52	1.940815	0.584362	1.855592	0.293775	0.151207	12.60338933	0.12869372	0.13628989
CCW-A1-112.0	plate2	c4	ATGTGTGTAGAC	806rcbc123	n8	12/6/24	2022-22-06	RAM	0.22	157.59	112_CCW-A1	CCW	A1	restoration	2008.0	no	no	CCW-A1	11.0	2.0902194	45.0	0.75	1.0	0.016666667	0.0	45.0	15.0	3.0	9.577370127	75.86	2.261522	0.990148	2.800411	0.163179	0.310112	9.577370127	0.19383503	0.19850642
CCW-A2-60.0	plate3	f8	TGAGTGGTCTGT	806rcbc259	i4	11/4/24	6/22/22	AJ	0.237	118.75	60_CCW-A2	CCW	A2	restoration	2008.0	no	no	CCW-A2	5.0	0.6758414	67.0	0.858974359	0.0	0.0	0.0	67.0	11.0	6.090909091	9.04155931	87.4	2.62745	1.28781		0.161959	0.345996	9.04155931	0.11861164	0.11937346
CCW-A5-1.0	plate3	a1	AGCCTTCGTCGC	806rcbc192	a1	10/18/24	6/22/22	DK	0.2235	211.99	1_CCW-A5	CCW	A5	restoration	2008.0	no	no	CCW-A5	15.0	2.0166313	41.0	0.5125	2.0	0.025	0.0	41.0	39.0	1.051282051	10.62681276	98.06	2.196384	0.563266	2.278628	0.23401	0.290101	10.62681276	0.22232747	0.22208495
CCW-B1-2.0	plate3	a2	TCCATACCGGAA	806rcbc193	a2	10/18/24	6/22/22	DK	0.2355	209.5	2_CCW-B1	CCW	B1	restoration	2008.0	no	no	CCW-B1	13.0	2.2111345	20.0	0.322580645	2.0	0.032258065	0.0	20.0	42.0	0.476190476	10.55526663	91.93	2.409685	1.298998	2.590419	0.151561	0.282822	10.55526663	0.20125152	0.19286304
CCW-B2-113.0	plate2	c5	CCTGCGAAGTAT	806rcbc124	n9	12/6/24	2022-22-06	RAM	0.23	198.9	113_CCW-B2	CCW	B2	restoration	2008.0	no	no	CCW-B2	10.0	1.282863	56.0	0.615384615	1.0	0.010989011	0.0	56.0	35.0	1.6	10.6291586	62.84	2.464333	0.946356	3.415151	0.153827	0.50852	10.6291586	0.20802498	0.20798359
CCW-B3-134.0	plate2	e2	TGAACCCTATGG	806rcbc145	P8	12/11/24	2022-22-06	AJ	0.241	252.48	134_CCW-B3	CCW	B3	restoration	2008.0	no	no	CCW-B3	16.0	2.2981979	27.0	0.397058824	0.0	0.0	0.0	27.0	41.0	0.658536585	8.057531704	53.9	2.399558	1.498573	2.5344	0.14746	0.329392	8.057531704	0.21224511	0.20550173
CCW-C1-50.0	plate3	e10	CCATGTGGCTCC	806rcbc249	h2	11/4/24	6/22/22	RAM	0.22	95.88	50_CCW-C1	CCW	C1	restoration	2008.0	no	no	CCW-C1	9.0	1.6119674	52.0	0.584269663	0.0	0.0	0.0	52.0	37.0	1.405405405	9.268680445	44.24	2.335144	0.961024	2.642719	0.124935	0.283454	9.268680445	0.22880517	0.22819588
CCW-D1-139.0	plate2	e7	ACGCGAACTAAT	806rcbc150	Q1	12/11/24	2022-22-06	RAM	0.25	233.79	139_CCW-D1	CCW	D1	restoration	2008.0	no	no	CCW-D1	10.0	1.4620311	28.0	0.304347826	3.0	0.032608696	0.0	28.0	64.0	0.4375	10.73176627	71.09	2.641763	0.779403	3.213175	0.153625	0.346608	10.73176627	0.18253665	0.1750361
CCW-D3-62.0	plate3	f10	ACGACGCATTTG	806rcbc261	i6	11/4/24	6/22/22	AJ	0.22	61.48	62_CCW-D3	CCW	D3	restoration	2008.0	no	no	CCW-D3	8.0	1.3571524	35.0	0.714285714	0.0	0.0	0.0	35.0	14.0	2.5	7.964406678	36.33	2.223036	0.915293	2.52171	0.126367	0.261401	7.964406678	0.19259053	0.19237832
CCW-E2-155.0	plate2	f11	CGTGACAATAGT	806rcbc166	R5	1/29/25	2022-22-06	AJ	0.225	336.0	155_CCW-E2	CCW	E2	restoration	2008.0	no	no	CCW-E2	14.0	2.2304915	27.0	0.364864865	4.0	0.054054054	0.0	27.0	47.0	0.574468085	8.893940892	38.19	2.250566	0.822081	3.259722	0.149162	0.359307	8.893940892	0.22166534	0.21706862
CCWE-A2-185.0	plate1	a5	TGGTCAACGATA	806rcbc4	e9	2/12/25	2022-22-06	AJ	0.25	136.0	185_CCWE-A2	CCWE	A2	restoration	2008.0	no	no	CCWE-A2	10.0	2.1553284	25.0	0.471698113	6.0	0.113207547	0.0	25.0	28.0	0.892857143	8.118532257	100.68	1.99453	0.503253	2.156444	0.149459	0.184659	8.118532257	0.25030458	0.24398739
CCWE-A3-53.0	plate3	f1	TGTGCACGCCAT	806rcbc252	h5	11/4/24	6/22/22	RAM	0.25	69.89	53_CCWE-A3	CCWE	A3	restoration	2008.0	no	no	CCWE-A3	16.0	2.5460015	32.0	0.432432432	9.0	0.121621622	0.0	32.0	42.0	0.761904762	7.873918924	79.8	1.879158	0.610721	2.115172	0.161506	0.162922	7.873918924	0.24962207	0.24344051
CCWE-B5-173.0	plate2	h5	ACGATTCGAGTC	806rcbc184	T1	2/5/25	2022-22-06	AJ	0.239	352.0	173_CCWE-B5	CCWE	B5	restoration	2008.0	no	no	CCWE-B5	15.0	2.4985403	30.0	0.428571429	5.0	0.071428571	0.0	30.0	40.0	0.75	9.195169805	90.36	1.757352	0.55287	2.157363	0.202512	0.267516	9.195169805	0.22361725	0.22645981
CCWE-C3-10.0	plate3	a10	GCCTCTACGTCG	806rcbc201	b2	10/18/24	6/22/22	RAM	0.2357	226.53	10_CCWE-C3	CCWE	C3	restoration	2008.0	no	no	CCWE-C3	16.0	2.2993127	37.0	0.560606061	3.0	0.045454545	0.0	37.0	29.0	1.275862069	7.438355883	108.1	1.970615	0.544066	2.153816	0.204962	0.192743	7.438355883	0.24292719	0.24799897
CCWE-D2-132.0	plate2	d12	GTGTTAGATGTG	806rcbc143	P6	12/11/24	2022-22-06	AJ	0.221	216.01	132_CCWE-D2	CCWE	D2	restoration	2008.0	no	no	CCWE-D2	8.0	1.889697	30.0	0.46875	0.0	0.0	0.0	30.0	34.0	0.882352941	10.94685707	51.85	1.851744	0.455015	2.495614	0.246035	0.345847	10.94685707	0.21745115	0.21344638
CCWE-D3-73.0	plate3	g9	CTTATTAAACGT	806rcbc272	k1	11/20/24	6/22/22	AJ	0.237	496.69	73_CCWE-D3	CCWE	D3	restoration	2008.0	no	no	CCWE-D3	15.0	2.1348288	12.0	0.15	0.0	0.0	0.0	12.0	68.0	0.176470588	8.790143666	149.56	1.785603	0.542271	1.797223	0.229365	0.216883	8.790143666	0.15734954	0.1314624
CCWE-D4-83.0	plate3	h7	TGAGTATGAGTA	806rcbc282	L3	11/25/24	2022-22-06	RAM	0.22	146.45	83_CCWE-D4	CCWE	D4	restoration	2008.0	no	no	CCWE-D4	16.0	2.4075441	13.0	0.228070175	2.0	0.035087719	0.0	13.0	44.0	0.295454545	10.20523683	64.41	1.843799	0.472371	2.123838	0.254159	0.294049	10.20523683	0.16279703	0.16219251
CCWE-E3-56.0	plate3	f4	TACTAACGCGGT	806rcbc255	h8	11/4/24	6/22/22	RAM	0.21	32.02	56_CCWE-E3	CCWE	E3	restoration	2008.0	no	no	CCWE-E3	17.0	2.2187298	30.0	0.545454545	2.0	0.036363636	0.0	30.0	25.0	1.2	9.97813835	38.14	1.661172	0.442954	2.256138	0.237237	0.175799	9.97813835	0.2379159	0.24254879
CCWE-E4-102.0	plate2	b6	TACTCGGGAACT	806rcbc113	m10	12/6/24	2022-22-06	AJ	0.231	175.89	102_CCWE-E4	CCWE	E4	restoration	2008.0	no	no	CCWE-E4	10.0	1.5902183	22.0	0.407407407	0.0	0.0	0.0	22.0	32.0	0.6875	9.548389931	55.05	1.046036	0.53112	2.204669	0.245898	0.303428	9.548389931	0.20173164	0.20021522
CCWE-E5-61.0	plate3	f9	TTACACAAAGGC	806rcbc260	b8	11/4/24	6/22/22	AJ	0.219	105.93	61_CCWE-E5	CCWE	E5	restoration	2008.0	no	no	CCWE-E5	19.0	2.5581809	25.0	0.390625	5.0	0.078125	0.0	25.0	39.0	0.641025641	7.855583768	67.77	1.713944	0.53254	2.078236	0.224188	0.228191	7.855583768	0.22243543	0.2294424
FC-A3-159.0	plate2	g3	CGCAGATTAGTA	806rcbc170	R9	1/29/25	2022-22-06	AJ	0.217	182.0	159_FC-A3	FC	A3	restoration	2006.0	no	no	FC-A3	12.0	2.2200881	7.0	0.233333333	0.0	0.0	0.0	7.0	23.0	0.304347826	10.60100713	43.54	1.85543	0.694841	2.124413	0.341272	0.473073	10.60100713	0.14734628	0.14798711
FC-A5-55.0	plate3	f3	TTGCTGGACGCT	806rcbc254	h7	11/4/24	6/22/22	RAM	0.24	99.24	55_FC-A5	FC	A5	restoration	2006.0	no	no	FC-A5	17.0	2.3255295	32.0	0.62745098	2.0	0.039215686	0.0	32.0	19.0	1.684210526	6.980973025	70.2	1.915059	0.705526	2.651899	0.118365	0.299536	6.980973025	0.23402948	0.24434901
FC-B1-15.0	plate3	b3	ACTCGCTCGCTG	806rcbc206	b7	10/18/24	6/22/22	RAM	0.2393	142.39	15_FC-B1	FC	B1	restoration	2006.0	no	no	FC-B1	14.0	2.3525764	9.0	0.290322581	2.0	0.064516129	0.0	9.0	22.0	0.409090909	7.282215978	84.68	2.281943	0.596775	1.741589	0.280927	0.349555	7.282215978	0.19441281	0.20213946
FC-B2-142.0	plate2	e10	GAAACATCCCAC	806rcbc153	Q4	12/11/24	2022-22-06	RAM	0.25	165.65	142_FC-B2	FC	B2	restoration	2006.0	no	no	FC-B2	10.0	2.0482704	9.0	0.290322581	0.0	0.0	0.0	9.0	22.0	0.409090909	9.235692308	43.27	2.29964	0.83844	2.07415	0.327848	0.603296	9.235692308	0.17972736	0.19449494
FC-C3-20.0	plate3	b8	CATATAGCCCGA	806rcbc211	c4	10/18/24	6/22/22	AJ	0.2269	152.28	20_FC-C3	FC	C3	restoration	2006.0	no	no	FC-C3	11.0	1.7937576	24.0	0.585365854	3.0	0.073170732	0.0	24.0	17.0	1.411764706	8.088915711	59.88							0.19623424	0.20933624
FC-C4-37.0	plate3	d3	TAATCTCGCCGG	806rcbc230	e7	10/28/24	6/22/22	RAM	0.22	129.18	37_FC-C4	FC	C4	restoration	2006.0	no	no	FC-C4	10.0	1.9060292	23.0	0.442307692	18.0	0.346153846	0.0	23.0	29.0	0.793103448	8.524451187	89.43	2.274662	0.971454	2.279058	0.1841	0.248293	8.088915711	0.23374089	0.26879467
FC-D1-179.0	plate2	h11	CGGATCTAGTGT	806rcbc190	T7	2/12/25	2022-22-06	RAM	0.219	138.0	179_FC-D1	FC	D1	restoration	2006.0	no	no	FC-D1	13.0	2.0008193	48.0	0.648648649	0.0	0.0	0.0	48.0	26.0	1.846153846	7.857884367	69.13	2.712888		2.605653	0.284939	0.398321	7.857884367	0.22156441	0.2382657
FC-D2-25.0	plate3	c3	CTGTCTATACTA	806rcbc218	d3	10/28/24	6/22/22	DK	0.2355	203.74	25_FC-D2	FC	D2	restoration	2006.0	no	no	FC-D2	15.0	2.4271767	20.0	0.444444444	2.0	0.044444444	0.0	20.0	25.0	0.8	11.27843405	77.87	1.889156	0.911867	2.404554	0.265375	0.333551	11.27843405	0.23254519	0.24562084
FC-E4-143.0	plate2	e11	CGTACTCTCGAG	806rcbc154	Q5	12/11/24	2022-22-06	RAM	0.22	177.28	143_FC-E4	FC	E4	restoration	2006.0	no	no	FC-E4	8.0	1.7075492	25.0	0.694444444	1.0	0.027777778	0.0	25.0	11.0	2.272727273	11.80568671	118.48	2.15317	0.784139	2.145835	0.192107	0.453372	11.80568671	0.20502268	0.22880371
FC-E5-128.0	plate2	d8	CGTGATCCGCTA	806rcbc139	P2	12/10/24	2022-22-06	AJ	0.214	167.1	128_FC-E5	FC	E5	restoration	2006.0	no	no	FC-E5	10.0	1.7254636	30.0	0.535714286	0.0	0.0	0.0	30.0	26.0	1.153846154	9.703354366	55.21	2.313295	0.861799	2.553225	0.206508	0.50274	9.703354366	0.22778645	0.23254775
HF-A1-52.0	plate3	e12	CACGCAGTCTAC	806rcbc251	a8	11/4/24	6/21/22	RAM	0.23	177.39	52_HF-A1	HF	A1	restoration	2013.0	yes	yes	HF-A1	14.0	2.3967317	15.0	0.3125	1.0	0.020833333	0.0	15.0	33.0	0.454545455	7.621695132	79.12	1.536776		1.992166	0.11715	0.250701	7.621695132	0.19110438	0.17967817
HF-A3-164.0	plate2	g8	TCGTCAAACCCG	806rcbc175	S4	2/5/25	2022-21-06	RAM	0.24	114.0	164_HF-A3	HF	A3	restoration	2013.0	yes	yes	HF-A3	15.0	2.3227023	26.0	0.541666667	6.0	0.125	0.0	26.0	22.0	1.181818182	5.688103024	55.32	1.62834	0.39735	1.824769	0.091314	0.165506	5.688103024	0.25052978	0.24625669
HF-A5-103.0	plate2	b7	CGTGCTTAGGCT	806rcbc114	m11	12/6/24	2022-21-06	AJ	0.243	144.49	103_HF-A5	HF	A5	restoration	2013.0	yes	yes	HF-A5	11.0	2.1619732	13.0	0.302325581	2.0	0.046511628	0.0	13.0	30.0	0.433333333	6.406903126	84.43	1.446988	0.347217	1.868442	0.143749	0.211171	6.406903126	0.19866913	0.18724906
HF-B2-39.0	plate3	d5	ACGCTTAACGAC	806rcbc232	f1	10/28/24	6/21/22	RAM	0.24	201.23	39_HF-B2	HF	B2	restoration	2013.0	yes	yes	HF-B2	15.0	2.4567476	39.0	0.475609756	7.0	0.085365854	0.0	39.0	43.0	0.906976744	11.31891137	109.62	1.774947	0.627828	2.347033	0.156741	0.304078	11.31891137	0.23389047	0.22116483
HF-C2-88.0	plate2	a4	GCCTAGCCCAAT	806rcbc99	L8	11/25/24	2022-21-06	RAM	0.23	109.61	88_HF-C2	HF	C2	restoration	2013.0	yes	yes	HF-C2	17.0	2.270237	44.0	0.448979592	12.0	0.12244898	5.0	44.0	49.0	0.814814815	10.09261646	105.61	1.795296	0.520201	2.783828	0.193744	0.307747	10.09261646	0.26495502	0.26497128
HF-C4-156.0	plate2	f12	CGCTACAACTCG	806rcbc167	R6	1/29/25	2022-21-06	AJ	0.21	146.0	156_HF-C4	HF	C4	restoration	2013.0	yes	yes	HF-C4	15.0	2.4362759	20.0	0.281690141	4.0	0.056338028	0.0	20.0	51.0	0.392156863	7.824981123	95.6	1.473147	0.319274	1.744506	0.203301	0.159229	7.824981123	0.20191443	0.19428751
HF-D3-108.0	plate2	b12	TTGCCAAGAGTC	806rcbc119	n4	12/6/24	2022-22-06	RAM	0.25	189.89	108_HF-D3	HF	D3	restoration	2013.0	yes	yes	HF-D3	9.0	1.8821462	12.0	0.266666667	5.0	0.111111111	0.0	12.0	33.0	0.363636364	11.26589493	40.95	1.480935	0.401735	2.130643	0.216868	0.238073	11.26589493	0.20925307	0.2060078
HF-D4-64.0	plate3	f12	AGAGCCAAGAGC	806rcbc263	i8	11/4/24	6/22/22	AJ	0.22	52.56	64_HF-D4	HF	D4	restoration	2013.0	yes	yes	HF-D4	17.0	2.2133794	28.0	0.583333333	4.0	0.083333333	0.0	28.0	20.0	1.4	8.021411979	65.5	1.400816	0.390883	2.22474	0.172793	0.265527	8.021411979	0.23215864	0.22492156
HF-E2-153.0	plate2	f9	TTAACCTTCCTG	806rcbc164	R3	1/29/25	2022-21-06	RAM	0.23	185.0	153_HF-E2	HF	E2	restoration	2013.0	yes	yes	HF-E2	14.0	1.9630711	13.0	0.213114754	2.0	0.032786885	0.0	13.0	48.0	0.270833333	11.965303	106.36	1.593928	0.376142	2.333847	0.189694	0.304633	11.965303	0.16049465	0.15597386
HF-E4-87.0	plate2	a3	GATTATCGACGA	806rcbc98	L7	11/25/24	2022-21-06	RAM	0.24	84.51	87_HF-E4	HF	E4	restoration	2013.0	yes	yes	HF-E4	14.0	2.4339645	7.0	0.205882353	3.0	0.088235294	0.0	7.0	27.0	0.259259259	9.15300004	26.35	1.267171	0.453371	2.931796	0.130324	0.23271	9.15300004	0.20108628	0.19779893
HLP-A3-180.0	plate2	h12	CGATCTTCGAGC	806rcbc191	T8	2/12/25	2022-21-06	RAM	0.24	174.0	180_HLP-A3	HL	A3	restoration	2001.0	yes	yes	HL-A3	12.0	2.1810929	26.0	0.684210526	8.0	0.210526316	0.0	26.0	12.0	2.166666667	10.5639738	35.16	1.741055	0.526828	1.709892	0.315677	0.297728	10.5639738	0.21419793	0.22716656
HLP-A4-58.0	plate3	f6	CAAACGCACTAA	806rcbc257	i2	11/4/24	6/21/22	AJ	0.22	65.46	58_HLP-A4	HL	A4	restoration	2001.0	yes	yes	HL-A4	9.0	1.8689802	15.0	0.333333333	2.0	0.044444444	0.0	15.0	30.0	0.5	8.847188606	73.61	1.969294	0.79352	2.644179	0.171653	0.267876	8.847188606	0.18144637	0.20917905
HLP-B1-48.0	plate3	e8	GTCAACGCTGTC	806rcbc247	h7	10/28/24	6/21/22	AJ	0.228	471.01	48_HLP-B1	HL	B1	restoration	2001.0	yes	yes	HL-B1	17.0	2.3484021	26.0	0.412698413	7.0	0.111111111	0.0	26.0	37.0	0.702702703	10.23957982	31.12	1.69142	0.528862	1.466772	0.403644	0.219321	10.23957982	0.24358002	0.25526594
HLP-B3-137.0	plate2	e5	CGATGCTGTTGA	806rcbc148	P11	12/11/24	2022-21-06	AJ	0.239	170.06	137_HLP-B3	HL	B3	restoration	2001.0	yes	yes	HL-B3	11.0	1.900508	43.0	0.623188406	5.0	0.072463768	0.0	43.0	26.0	1.653846154	10.81421928	31.96	1.732928	0.677158	2.351715	0.15579	0.203946	10.81421928	0.21004001	0.22900896
HLP-B5-183.0	plate1	a3	GCTGTACGGATT	806rcbc2	T11	2/12/25	2022-21-06	RAM	0.23	141.0	183_HLP-B5	HL	B5	restoration	2001.0	yes	yes	HL-B5	12.0	1.8691444	62.0	0.775	1.0	0.0125	0.0	62.0	18.0	3.444444444	12.32423062	48.45	1.924432	0.648497	1.924404	0.286021	0.357709	12.32423062	0.15874705	0.17131839
HLP-C2-35.0	plate3	d1	ACGTATTCGAAG	806rcbc228	e5	10/28/24	6/21/22	RAM	0.21	115.02	35_H2P-C2	HL	C2	restoration	2001.0	yes	yes	HL-C2	13.0	2.2135722	23.0	0.58974359	7.0	0.179487179	0.0	23.0	16.0	1.4375	11.3400933	52.27	1.635344	0.599716	1.697466	0.214165	0.260624	11.3400933	0.21188957	0.23061098
HLP-C3-85.0	plate2	a1	TACCGCTTCTTC	806rcbc96	L5	11/25/24	2022-21-06	RAM	0.22	184.22	85_HLP-C3	HL	C3	restoration	2001.0	yes	yes	HL-C3	13.0	2.1764044	26.0	0.371428571	2.0	0.028571429	0.0	26.0	44.0	0.590909091	12.18780814	44.44	1.979332	0.629349		0.266241	0.277057	12.18780814	0.17270355	0.19201683
HLP-C4-79.0	plate3	h3	CGGTATAGCAAT	806rcbc278	k7	11/20/24	6/22/22	AJ	0.207	192.52	79_HLP-C4	HL	C4	restoration	2001.0	yes	yes	HL-C4	10.0	1.6768733	41.0	0.694915254	5.0	0.084745763	0.0	41.0	18.0	2.277777778	10.38262039	38.74	1.934414	0.606782	1.976944	0.237721	0.282214	10.38262039	0.17552975	0.18546604
HLP-C5-116.0	plate2	c8	GTTAAGCTGACC	806rcbc127	n12	12/10/24	2022-21-06	RAM	0.24	226.68	116_HLP-C5	HL	C5	restoration	2001.0	yes	yes	HL-C5	13.0	2.4116714	27.0	0.482142857	0.0	0.0	0.0	27.0	29.0	0.931034483	12.8884735	40.25	2.1421	0.641643	1.795461	0.387496	0.253748	12.8884735	0.19909839	0.21475658
HLP-D2-126.0	plate2	d6	CAGAAATGTGTC	806rcbc137	O12	12/10/24	2022-21-06	AJ	0.208	168.21	126_HLP-D2	HL	D2	restoration	2001.0	yes	yes	HL-D2	11.0	2.2416828	18.0	0.409090909	2.0	0.045454545	0.0	18.0	26.0	0.692307692	8.381187037	48.1	1.851326		2.036977	0.187816	0.245818	8.381187037	0.19322922	0.21603857
HPW-A1-57.0	plate3	f5	GCGATCACACCT	806rcbc256	i1	11/4/24	6/21/22	AJ	0.24	142.69	57_HPW-A1	HPW	A1	restoration	2008.0	yes	no	HPW-A1	11.0	2.2211541	5.0	0.227272727	3.0	0.136363636	0.0	5.0	17.0	0.294117647	10.12761399	83.32	1.586271	0.492442	1.648657	0.256738	0.31203	10.12761399	0.21364878	0.2162262
HPW-A3-40.0	plate3	d6	TACGGATTATGG	806rcbc233	f2	10/28/24	6/21/22	RAM	0.24	118.43	40_HPW-A3	HPW	A3	restoration	2008.0	yes	no	HPW-A3	19.0	2.4004027	33.0	0.35483871	1.0	0.010752688	0.0	33.0	60.0	0.55	6.800441014	79.79	1.283668	0.38693	1.500651	0.147665	0.188159	6.800441014	0.19700548	0.20488659
HPW-B4-93.0	plate2	a9	ATCTACCGAAGC	806rcbc104	m1	11/25/24	2022-21-06	AJ	0.218	104.34	93_HPW-B4	HPW	B4	restoration	2008.0	yes	no	HPW-B4	22.0	2.8468844	10.0	0.178571429	9.0	0.160714286	0.0	10.0	46.0	0.217391304	5.752937132	31.7	1.395006	0.51018	1.69476	0.203599	0.138818	9.835138362	0.17858932	0.20056076
HPW-D1-82.0	plate3	h6	TGAGTCATTGAG	806rcbc281	L2	11/25/24	2022-21-06	RAM	0.22	176.57	82_HPW-D1	HPW	D1	restoration	2008.0	yes	no	HPW-D1	14.0	2.4360029	1.0	0.033333333	1.0	0.033333333	0.0	1.0	29.0	0.034482759	9.835138362	79.13	1.782591	0.54081	2.030698	0.293216	0.366521	6.984595906	0.13211112	0.10288379
HPW-D4-182.0	plate1	a2	ACGAGACTGATT	806rcbc1	T10	2/12/25	2022-21-06	RAM	0.25	124.0	182_HPW-D4	HPW	D4	restoration	2008.0	yes	no	HPW-D4	14.0	2.4044025	22.0	0.523809524	2.0	0.047619048	0.0	22.0	20.0	1.1	6.984595906	77.01	1.391605	0.495779	2.032755	0.196199	0.297903	10.99870907	0.23429714	0.24181567
HPW-E1-21.0	plate3	b9	GCCTATGAGATC	806rcbc212	c5	10/18/24	6/21/22	AJ	0.203	177.64	21_HPW-E1	HPW	E1	restoration	2008.0	yes	no	HPW-E1	16.0	2.5117778	13.0	0.295454545	0.0	0.0	0.0	13.0	31.0	0.419354839	10.99870907	80.17	1.925655	0.587657	2.314421	0.340062	0.354533	8.755788951	0.17768833	0.17280251
HPW-E3-144.0	plate2	e12	TCAGTTCTCGTT	806rcbc155	Q6	12/11/24	2022-21-06	RAM	0.23	200.17	144_HPW-E3	HPW	E3	restoration	2008.0	yes	no	HPW-E3	20.0	2.7181542	10.0	0.256410256	0.0	0.0	0.0	10.0	29.0	0.344827586	8.755788951	87.37	1.488635	0.660036	1.366199	0.269123	0.185032	9.66096423	0.17026632	0.16567707
HPW-E4-125.0	plate2	d5	GATGTGGTGTTA	806rcbc136	O11	12/10/24	2022-21-06	AJ	0.223	127.71	125_HPW-E4	HPW	E4	restoration	2008.0	yes	no	HPW-E4	16.0	2.4539102	27.0	0.465517241	4.0	0.068965517	0.0	27.0	31.0	0.870967742	9.66096423	68.93	1.889464	0.718177	1.968107	0.228317	0.385284	12.44838527	0.23741863	0.24046932
HPW-E5-176.0	plate2	h8	TATGTGCCGGCT	806rcbc187	T4	2/5/25	2022-21-06	AJ	0.218	388.0	176_HPW-E5	HPW	E5	restoration	2008.0	yes	no	HPW-E5	14.0	2.3114273	10.0	0.263157895	0.0	0.0	0.0	10.0	28.0	0.357142857	12.44838527	20.18	2.012823	0.67841	2.295471	0.304093	0.311727	7.139689579	0.17010329	0.16949683
L-A1-140.0	plate2	e8	AGCTATGTATGG	806rcbc151	Q2	12/11/24	2022-21-06	RAM	0.22	142.61	140_L-A1	L	A1	restoration	2011.0	yes	no	L-A1	12.0	2.0768589	28.0	0.528301887	5.0	0.094339623	0.0	28.0	25.0	1.12	7.139689579	66.49	1.356684	0.374546	1.566081	0.185339	0.371815	6.618411663	0.23865082	0.23104125
L-A2-76.0	plate3	g12	TGTCAAAGTGAC	806rcbc275	g8	11/20/24	6/21/22	AJ	0.238	167.54	76_L-A2	L	A2	restoration	2011.0	yes	no	L-A2	10.0	1.7806076	35.0	0.648148148	0.0	0.0	0.0	35.0	19.0	1.842105263	6.618411663	127.12	1.547298	0.398354	1.864158	0.266421	0.316704	6.105091228	0.20268921	0.19514019
L-A4-148.0	plate2	f4	GTAAATTCAGGC	806rcbc159	Q10	1/29/25	2022-21-06	RAM	0.25	112.0	148_L-A4	L	A4	restoration	2011.0	yes	no	L-A4	18.0	2.3759203	28.0	0.430769231	5.0	0.076923077	0.0	28.0	37.0	0.756756757	6.105091228	86.74	1.567543	0.419531	2.022232	0.292596	0.265996	7.347036615	0.23000687	0.21874009
L-B1-54.0	plate3	f2	CCGGACAAGAAG	806rcbc253	h6	11/4/24	6/21/22	RAM	0.23	61.26	54_L-B1	L	B1	restoration	2011.0	yes	no	L-B1	17.0	2.5917452	6.0	0.166666667	3.0	0.083333333	0.0	6.0	30.0	0.2	7.347036615	98.02	1.488771	0.474292	1.920041	0.301027	0.289299	7.563060159	0.16144425	0.16162556
L-B5-95.0	plate2	a11	TCTTGGAGGTCA	806rcbc106	m3	11/25/24	2022-21-06	AJ	0.225	94.69	95_L-B5	L	B5	restoration	2011.0	yes	no	L-B5	13.0	2.4215391	9.0	0.225	5.0	0.125	0.0	9.0	31.0	0.290322581	7.563060159	34.68	1.451379	0.348203	1.828217	0.192974	0.259686	7.618178934	0.20314868	0.19503906
L-C1-157.0	plate2	g1	TTAAGACAGTCG	806rcbc168	R7	1/29/25	2022-21-06	AJ	0.216	232.0	157_L-C1	L	C1	restoration	2011.0	yes	no	L-C1	16.0	2.5656222	33.0	0.417721519	3.0	0.037974684	0.0	33.0	46.0	0.717391304	7.618178934	43.78	1.67958	0.383607	2.023265	0.241208	0.386212	7.410964386	0.21197666	0.213541
L-C3-6.0	plate3	a6	TATGGTACCCAG	806rcbc197	a6	10/18/24	6/21/22	DK	0.2275	566.03	6_L-C3	L	C3	restoration	2011.0	yes	no	L-C3	11.0	1.9462307	32.0	0.592592593	0.0	0.0	0.0	32.0	22.0	1.454545455	7.410964386	43.11	1.493749	0.454409	1.768637	0.210784	0.253271	7.647261454	0.1943123	0.1812259
L-C4-63.0	plate3	f11	TATCCAAGCGCA	806rcbc262	i7	11/4/24	6/21/22	AJ	0.241	79.41	63_L-C4	L	C4	restoration	2011.0	yes	no	L-C4	12.0	2.2383505	40.0	0.563380282	1.0	0.014084507	0.0	40.0	31.0	1.290322581	7.647261454	81.38	1.364823	0.444132	1.767042	0.19318	0.335927	9.252682556	0.22305755	0.21878018
L-D3-146.0	plate2	f2	GTTATCGCATGG	806rcbc157	Q8	12/11/24	2022-21-06	RAM	0.25	186.59	146_L-D3	L	D3	restoration	2011.0	yes	no	L-D3	15.0	2.5552355	12.0	0.157894737	7.0	0.092105263	0.0	12.0	64.0	0.1875	9.252682556	88.01	1.420647	0.395424	2.191285	0.244241	0.32851	6.706408346	0.13844883	0.14467027
L-D5-145.0	plate2	f1	TCGTGCGTGTTG	806rcbc156	Q7	12/11/24	2022-21-06	RAM	0.23	343.1	145_L-D5	L	D5	restoration	2011.0	yes	no	L-D5	16.0	2.5695678	26.0	0.382352941	1.0	0.014705882	0.0	26.0	42.0	0.619047619	6.706408346	63.89	1.107281	0.23917	1.558911	0.193852	0.399959	10.41434263	0.20378387	0.20137719
MU-B1-47.0	plate3	e7	GTTGATACGATG	806rcbc246	v5	10/28/24	6/22/22	AJ	0.243	367.31	47_MU-B1	MU	B1	restoration	1988.0	yes	yes	MU-B2	13.0	2.1224413	23.0	0.37704918	9.0	0.147540984	1.0	23.0	37.0	0.605263158	10.41434263	46.53	1.477189	0.742607	1.954744	0.423554	0.420767	6.021086589	0.2643494	0.27604013
MU-B4-165.0	plate2	g9	TAATCGGTGCCA	806rcbc176	S5	2/5/25	2022-22-06	RAM	0.21	154.0	165_MU-B4	MU	B4	restoration	1988.0	yes	yes	MU-B4	10.0	1.958577	27.0	0.519230769	10.0	0.192307692	0.0	27.0	25.0	1.08	6.021086589	44.36	1.48843	0.657307	1.93762	0.340923	0.390535	8.509440412	0.25246458	0.26403354
MU-B5-44.0	plate3	e4	CTCGCCCTCGCC	806rcbc243	d7	10/28/24	6/22/22	AJ	0.234	465.3	44_MU-B5	MU	B5	restoration	1988.0	yes	yes	MU-B5	11.0	2.1000723	15.0	0.384615385	6.0	0.153846154	1.0	15.0	23.0	0.625	8.509440412	82.91	1.685716	0.693462	1.956161	0.373819	0.336969	6.030419456	0.23096863	0.24402433
MU-C1-131.0	plate2	d11	GCATAGCATCAA	806rcbc142	P5	12/11/24	2022-22-06	AJ	0.224	192.77	131_MU-C1	MU	C1	restoration	1988.0	yes	yes	MU-C1	13.0	2.381454	22.0	0.448979592	4.0	0.081632653	0.0	22.0	27.0	0.814814815	6.030419456	101.24	1.745631	0.770449	2.064382	0.201583	0.314165	7.069525924	0.21836126	0.23576292
MU-C4-158.0	plate2	g2	TCTGCACTGAGC	806rcbc169	R8	1/29/25	2022-22-06	AJ	0.23	204.0	158_MU-C4	MU	C4	restoration	1988.0	yes	yes	MU-C4	9.0	1.9220488	18.0	0.367346939	4.0	0.081632653	0.0	18.0	31.0	0.580645161	7.069525924	69.76	1.333498	0.561829	1.675117	0.337104	0.345905	9.189869372	0.2263726	0.23796082
MU-C5-150.0	plate2	f6	ACACGCGGTTTA	806rcbc161	Q12	1/29/25	2022-22-06	RAM	0.24	400.0	150_MU-C5	MU	C5	restoration	1988.0	yes	yes	MU-C5	13.0	2.1192089	21.0	0.396226415	6.0	0.113207547	1.0	21.0	31.0	0.65625	9.189869372	70.34	1.692752	0.594364	1.41929	0.27889	0.32833	6.683819891	0.24904007	0.26195346
MU-D1-94.0	plate2	a10	ACTTGGTGTAAG	806rcbc105	m2	11/25/24	2022-22-06	AJ	0.23	160.54	94_MU-D1	MU	D1	restoration	1988.0	yes	yes	MU-D1	12.0	2.1929332	13.0	0.333333333	9.0	0.230769231	0.0	13.0	26.0	0.5	6.683819891	25.27	1.454176	0.684142	2.204017	0.264484	0.330255	10.15995085	0.24521738	0.2703471
MU-D4-163.0	plate2	g7	AGTTGTAGTCCG	806rcbc174	S3	2/5/25	2022-22-06	RAM	0.22	400.0	163_MU-D4	MU	D4	restoration	1988.0	yes	yes	MU-D4	16.0	2.5312029	27.0	0.435483871	6.0	0.096774194	0.0	27.0	35.0	0.771428571	10.15995085	41.92	1.639562	0.76154	2.114681	0.233945	0.281628	6.554253982	0.21440516	0.22286979
MU-E2-72.0	plate3	g8	TAACAATAATTC	806rcbc271	d8	11/20/24	6/22/22	DK	0.2277	388.69	72_MU-E2	MU	E2	restoration	1988.0	yes	yes	MU-E2	12.0	2.2472955	24.0	0.489795918	5.0	0.102040816	0.0	24.0	25.0	0.96	6.554253982	40.84	1.543834	0.760442	2.465542	0.219484	0.284363	9.606667344	0.22170419	0.24036442
MU-E5-29.0	plate3	c7	TGATATCGTCTT	806rcbc222	d7	10/28/24	6/22/22	DK	0.215	333.98	29_MU-E5	MU	E5	restoration	1988.0	yes	yes	MU-E5	12.0	2.1553859	20.0	0.416666667	9.0	0.1875	0.0	20.0	28.0	0.714285714	9.606667344	53.78	1.447516	0.661792	1.606422	0.428124	0.330257	3.349184319	0.21859443	0.23847356
MUR-A1-105.0	plate2	b9	CACTCATCATTC	806rcbc116	n1	12/6/24	2022-22-06	AJ	0.235	177.6	105_MUR-A1	MUR	A1	remnant		yes	yes	MUR-A1	11.0	1.3722168	7.0	0.116666667	5.0	0.083333333	0.0	7.0	53.0	0.132075472	3.349184319	20.61	1.384968	0.468307	1.833273	0.129102	0.187978	5.926281859	0.120214	0.10974126
MUR-A3-109.0	plate2	c1	AGTAGCGGAAGA	806rcbc120	n5	12/6/24	2022-22-06	RAM	0.23	183.46	109_MUR-A3	MUR	A3	remnant		yes	yes	MUR-A3	10.0	1.2524402	22.0	0.285714286	2.0	0.025974026	0.0	22.0	55.0	0.4	5.926281859	47.56	1.685604	0.830394	2.129886	0.174442	0.279661	5.327273062	0.11904153	0.13000377
MUR-B1-27.0	plate3	c5	CGTTTGGAATGA	806rcbc220	d5	10/28/24	6/22/22	DK	0.2164	209.95	27_MUR-B1	MUR	B1	remnant		yes	yes	MUR-B1	12.0	2.0688251	26.0	0.433333333	7.0	0.116666667	0.0	26.0	34.0	0.764705882	5.327273062	38.84	1.512253	0.713257	2.124482	0.141329	0.25789	6.327072168	0.22627836	0.24658022
MUR-C2-31.0	plate3	c9	AATGCGCGTATA	806rcbc224	e1	10/28/24	6/22/22	DK	0.2273	323.69	31_MUR-C2	MUR	C2	remnant		yes	yes	MUR-C2	12.0	2.0988777	16.0	0.347826087	3.0	0.065217391	1.0	16.0	29.0	0.533333333	6.327072168	33.83	1.588874	0.603502	2.555077	0.14732	0.240245	6.990217304	0.20468054	0.22975573
MUR-C5-81.0	plate3	h5	GTCATGCTCCAG	806rcbc280	L1	11/25/24	2022-22-06	RAM	0.22	152.24	81_MUR-C5	MUR	C5	remnant		yes	yes	MUR-C5	14.0	2.2522922	23.0	0.338235294	2.0	0.029411765	2.0	23.0	43.0	0.511111111	6.990217304	192.22	1.766951	0.90599	2.406118	0.158574	0.334725	5.729021466	0.19997686	0.21233926
MUR-D2-96.0	plate2	a12	TCACCTCCTTGT	806rcbc107	m4	11/25/24	2022-22-06	AJ	0.218	133.94	96_MUR-D2	MUR	D2	remnant		yes	yes	MUR-D2	8.0	1.3554091	43.0	0.651515152	0.0	0.0	0.0	43.0	23.0	1.869565217	5.729021466	53.48	1.673991		2.517849	0.112122	0.306797	7.995585875	0.21218989	0.2276811
MUR-E2-154.0	plate2	f10	TGCCGTATGCCA	806rcbc165	R4	1/29/25	2022-22-06	RAM		400.0	154_MUR-E2	MUR	E2	remnant		yes	yes	MUR-E2	9.0	1.6442654	51.0	0.653846154	10.0	0.128205128	0.0	51.0	27.0	1.888888889	7.002356675	31.48	1.34397	0.827164	2.499272	0.18823	0.351055	7.991197986	0.23562179	0.25766302
MUR-E3-111.0	plate2	c3	CATACCGTGAGT	806rcbc122	v8	12/6/24	2022-22-06	RAM	0.22	128.05	111_MUR-E3	MUR	E3	remnant		yes	yes	MUR-E3	12.0	2.0457037	40.0	0.444444444	8.0	0.088888889	0.0	40.0	50.0	0.8	7.991197986	71.08		0.683192	2.48811	0.109847	0.238183	7.868508134	0.26441654	0.2795595
SB-A2-74.0	plate3	g10	AGCGATTCCTCG	806rcbc273	e8	11/20/24	6/22/22	AJ	0.223	173.54	74_SB-A2	SB	A2	restoration	2009.0	no	yes	SB-A2	12.0	2.2050705	8.0	0.242424242	3.0	0.090909091	0.0	8.0	25.0	0.32	7.943481358	75.95	1.750289	0.40914		0.208594	0.346102	7.156501703	0.19317992	0.18522402
SB-A3-147.0	plate2	f3	GATCACGAGAGG	806rcbc158	Q9	1/29/25	2022-22-06	RAM	0.26	159.0	147_SB-A3	SB	A3	restoration	2009.0	no	yes	SB-A3	14.0	2.3347759	22.0	0.385964912	1.0	0.01754386	0.0	22.0	35.0	0.628571429	7.156501703	57.92	1.62141	0.394493	1.681935	0.209174	0.207531	6.901499535	0.2029317	0.21772433
SB-B4-34.0	plate3	c12	GAGATACAGTTC	806rcbc227	e4	10/28/24	6/22/22	RAM	0.24	190.46	34_SB-B4	SB	B4	restoration	2009.0	no	yes	SB-B4	19.0	2.1677116	12.0	0.218181818	6.0	0.109090909	0.0	12.0	43.0	0.279069767	6.901499535	64.23	1.71008	0.440134	1.736665	0.264231	0.302159	7.925597438	0.16728027	0.18191807
SB-D2-133.0	plate2	e1	TTAGAGCCATGC	806rcbc144	P7	12/11/24	2022-22-06	AJ	0.221	169.4	133_SB-D2	SB	D2	restoration	2009.0	no	yes	SB-D2	14.0	2.1342979	22.0	0.34375	21.0	0.328125	20.0	22.0	22.0	0.523809524	7.925597438	54.33	1.607525	0.436872	1.625947	0.267021	0.239124	6.097585821	0.26560674	0.26757982
SB-D3-16.0	plate3	b4	TTCCTTAGTAGT	806rcbc207	b8	10/18/24	6/22/22	RAM	0.2341	172.84	16_SB-D3	SB	D3	restoration	2009.0	no	yes	SB-D3	17.0	2.5945708	22.0	0.333333333	5.0	0.075757576	0.0	22.0	44.0	0.5	6.097585821	26.76	1.498173	0.385458	1.84304	0.217588	0.239004	6.62999185	0.213017	0.20737379
SB-D4-184.0	plate1	a4	ATCACCAGGTGT	806rcbc3	T12	2/12/25	2022-22-06	AJ	0.233	276.0	184_SB-D4	SB	D4	restoration	2009.0	no	yes	SB-D4	15.0	2.3686779	32.0	0.421052632	5.0	0.065789474	0.0	32.0	44.0	0.727272727	6.62999185	18.24	1.72865	0.527668	1.86058	0.248565	0.207912	6.695394777	0.21126081	0.21751866
SB-D5-120.0	plate2	c12	ATCAGTACTAGG	806rcbc131	O4	12/10/24	2022-22-06	RAM	0.23	178.83	120_SB-D5	SB	D5	restoration	2009.0	no	yes	SB-D5	15.0	2.3894016	13.0	0.203125	5.0	0.078125	0.0	13.0	51.0	0.254901961	6.695394777	69.95	1.745879	0.509626	1.460271	0.23408	0.174645	7.561900513	0.17090404	0.16732701
SB-E2-91.0	plate2	a7	GTCACGGACATT	806rcbc102	L11	11/25/24	2022-22-06	AJ	0.224	143.68	91_SB-E2	SB	E2	restoration	2009.0	no	yes	SB-E2	14.0	1.9189255	30.0	0.309278351	1.0	0.010309278	0.0	30.0	67.0	0.447761194	7.561900513	78.166	1.582383	0.43986	1.560596	0.220551	0.301716	7.294273075	0.18516216	0.18554807
SB-E3-86.0	plate2	a2	TGTGCGATAACA	806rcbc97	L6	11/25/24	2022-22-06	RAM	0.23	148.02	86_SB-E3	SB	E3	restoration	2009.0	no	yes	SB-E3	11.0	2.1041264	16.0	0.23880597	0.0	0.0	0.0	16.0	51.0	0.31372549	7.294273075	47.0	1.549231	0.394941	1.591414	0.233251	0.13733	7.12926616	0.13933644	0.14460515
SB-E5-99.0	plate2	b3	TCATGCTCCATT	806rcbc110	m7	12/6/24	2022-22-06	AJ	0.21	155.22	99_SB-E5	SB	E5	restoration	2009.0	no	yes	SB-E5	13.0	2.1945187	25.0	0.301204819	5.0	0.060240964	0.0	25.0	58.0	0.431034483	7.12926616	48.716	1.644772	0.368876	1.439718	0.212413	0.217184		0.20632365	0.19515782
SBEE-A1-71.0	plate3	g7	GGTTCATGAACA	806rcbc270	j7	11/20/24	6/22/22	DK	0.2317	161.29	71_SBEE-A1	SBEE	A1	restoration	2009.0	no	yes	SBEE-A1	18.0	2.4115142	26.0	0.52	4.0	0.08	0.0	26.0	24.0	1.083333333	7.361549299	72.21	1.661572	0.372772	1.804647	0.255684	0.288027	7.361549299	0.22176532	0.24418431
SBEE-A2-121.0	plate2	d1	TCCTCGAGCGAT	806rcbc132	O7	12/10/24	2022-22-06	RAM	0.21	152.76	121_SBEE-A2	SBEE	A2	restoration	2009.0	no	yes	SBEE-A2	18.0	2.5702302	9.0	0.183673469	2.0	0.040816327	0.0	9.0	40.0	0.225	7.208149888	91.21	1.851585	0.493322	1.342583	0.25626	0.23123	7.208149888	0.15669009	0.14846268
SBEE-A4-59.0	plate3	f7	GAAGAGGGTTGA	806rcbc258	i3	11/4/24	6/22/22	AJ	0.206	63.35	59_SBEE-A4	SBEE	A4	restoration	2009.0	no	yes	SBEE-A4	18.0	2.5393674	19.0	0.431818182	4.0	0.090909091	0.0	19.0	25.0	0.76	7.009184729	40.02	1.373328	0.347569	1.479171	0.223168	0.185538	7.009184729	0.23321789	0.2411054
SBEE-B1-98.0	plate2	b2	GCGACAATTACA	806rcbc109	m6	12/6/24	2022-22-06	AJ	0.213	151.72	98_SBEE-B1	SBEE	B1	restoration	2009.0	no	yes	SBEE-B1	14.0	2.1955058	20.0	0.3125	8.0	0.125	0.0	20.0	44.0	0.454545455	7.055098668	31.9	1.644746	0.446631	1.546106	0.267662	0.304581	7.055098668	0.20438721	0.21806767
SBEE-C4-141.0	plate2	e9	ACGGGTCATCAT	806rcbc152	Q3	12/11/24	2022-22-06	RAM	0.24	411.03	141_SBEE-C4	SBEE	C4	restoration	2009.0	no	yes	SBEE-C4	11.0	1.9979307	15.0	0.3125	0.0	0.0	0.0	15.0	33.0	0.454545455	6.785678265	91.11	1.611455	0.525468	1.25509	0.364172	0.314826	6.785678265	0.17455739	0.18993279
SBEE-C5-160.0	plate2	g4	TGGGTCCCACAT	806rcbc171	R10	1/29/25	2022-22-06	AJ	0.231	400.0	160_SBEE-C5	SBEE	C5	restoration	2009.0	no	yes	SBEE-C5	14.0	2.0730388	25.0	0.316455696	6.0	0.075949367	0.0	25.0	54.0	0.462962963	6.652235451	70.85	1.39902	0.361251	1.304356	0.249533	0.270358	6.652235451	0.20062933	0.20212951
SBEE-D1-23.0	plate3	c1	TGACTAATGGCC	806rcbc216	d1	10/18/24	6/22/22	AJ	0.2136	73.01	23_SBEE-D1	SBEE	D1	restoration	2009.0	no	yes	SBEE-D1	18.0	2.4118058	22.0	0.255813953	3.0	0.034883721	0.0	22.0	64.0	0.34375	8.661833959	103.703	1.701043	0.406395	1.684096	0.370228	0.385129	8.661833959	0.16712104	0.16655818
SBEE-D2-51.0	plate3	e11	ATTACGTATCAT	806rcbc250	h3	11/4/24	6/22/22	RAM	0.23	53.42	51_SBEE-D2	SBEE	D2	restoration	2009.0	no	yes	SBEE-D2	14.0	2.1845584	22.0	0.305555556	0.0	0.0	0.0	22.0	50.0	0.44	7.884866112	61.59	1.533929	0.468201	1.648517	0.404362	0.292916	7.884866112	0.17226439	0.17220117
SBEE-D3-90.0	plate2	a6	ACTCCTTGTGTT	806rcbc101	v6	11/25/24	2022-22-06	AJ	0.229	125.31	90_SBEE-D3	SBEE	D3	restoration	2009.0	no	yes	SBEE-D3	13.0	1.4554153	10.0	0.125	0.0	0.0	0.0	10.0	70.0	0.142857143	10.01529052	35.06	1.653543	0.409874	1.397589	0.335393	0.45407	10.01529052	0.08639272	0.07372056
SBEE-D5-101.0	plate2	b5	GAGAGCAACAGA	806rcbc112	m9	12/6/24	2022-22-06	AJ	0.223	120.45	101_SBEE-D5	SBEE	D5	restoration	2009.0	no	yes	SBEE-D5	13.0	2.3967658	37.0	0.5	0.0	0.0	0.0	37.0	37.0	1.0	4.572227949	32.37	1.37326	0.423086	1.545132	0.149955	0.188484	4.572227949	0.21849037	0.21885437
SBEW-A2-119.0	plate2	c11	GCCAACAACCAT	806rcbc130	O3	12/10/24	2022-22-06	RAM	0.23	145.89	119_SBEW-A2	SBEW	A2	restoration	2009.0	no	yes	SBEW-A2	11.0	1.8963503	40.0	0.425531915	1.0	0.010638298	0.0	40.0	54.0	0.740740741	6.466219168	53.63	1.587219	0.420999	1.913514	0.193947	0.404758	6.466219168	0.22037659	0.22245394
SBEW-A4-97.0	plate2	b1	GCACACCTGATA	806rcbc108	m5	11/25/24	2022-22-06	AJ		177.99	97_SBEW-A4	SBEW	A4	restoration	2009.0	no	yes	SBEW-A4	12.0	2.2061247	45.0	0.483870968	5.0	0.053763441	0.0	45.0	48.0	0.9375	9.703737197	199.54	1.524467	0.37744		0.255655	0.352665	9.703737197	0.22850013	0.22908437
SBEW-B5-117.0	plate2	c9	ATGCCATGCCGT	806rcbc128	O1	12/10/24	2022-22-06	RAM	0.2	146.73	117_SBEW-B5	SBEW	B5	restoration	2009.0	no	yes	SBEW-B5	19.0	2.5967011	23.0	0.310810811	3.0	0.040540541	0.0	23.0	51.0	0.450980392	9.828004937	87.33	1.397964	0.361619	2.017994	0.283745	0.378708	9.828004937	0.18642749	0.19473993
SBEW-C1-17.0	plate3	b5	CGTCCGTATGAA	806rcbc208	c1	10/18/24	6/22/22	AJ	0.2457	172.9	17_SBEW-C1	SBEW	C1	restoration	2009.0	no	yes	SBEW-C1	17.0	2.0969375	18.0	0.222222222	2.0	0.024691358	0.0	18.0	63.0	0.285714286	5.247310976	50.71	1.420994	0.531677	1.938303	0.179989	0.132642	5.247310976	0.16306304	0.16185915
SBEW-C4-22.0	plate3	b10	CAAGTGAAGGGA	806rcbc213	c6	10/18/24	6/22/22	AJ	0.2298	244.24	22_SBEW-C4	SBEW	C4	restoration	2009.0	no	yes	SBEW-C4	12.0	2.0875317	18.0	0.367346939	8.0	0.163265306	0.0	18.0	31.0	0.580645161	8.379766844	73.8	1.37315	0.559136	1.950045	0.278696	0.092165	9.3566668	0.25365911	0.27086448
SBEW-C5-84.0	plate3	h8	AATGGTTCAGCA	806rcbc283	L4	11/25/24	2022-22-06	RAM	0.22	161.24	84_SBEW-C5	SBEW	C5	restoration	2009.0	no	yes	SBEW-C5	14.0	2.3966295	9.0	0.1875	5.0	0.104166667	0.0	9.0	39.0	0.230769231	9.3566668	53.68							0.18672519	0.18775617
SBEW-D3-188.0	plate1	a7	GTCGTGTAGCCT	806rcbc6	J3	2/12/25	2022-22-06	AJ	0.225	142.0	188_SBEW-D3	SBEW	D3	restoration	2009.0	no	yes	SBEW-D3	12.0	2.3436555	13.0	0.333333333	1.0	0.025641026	0.0	13.0	26.0	0.5	5.615120135	51.038	1.291238	0.414461	1.315736	0.270675	0.218866	5.615120135	0.19887369	0.2034877
SBEW-E2-66.0	plate3	g2	TAAATATACCCT	806rcbc265	j2	11/20/24	6/22/22	DK	0.2242	250.8	66_SBEW-E2	SBEW	E2	restoration	2009.0	no	yes	SBEW-E2	7.0	0.9266479	50.0	0.769230769	0.0	0.0	0.0	50.0	15.0	3.333333333	8.952995764	192.79	1.38302	0.406511	1.287992	0.2618	0.301278	8.952995764	0.12787338	0.15027508
SBEW-E3-124.0	plate2	d4	AGCAACATTGCA	806rcbc135	O10	12/10/24	2022-22-06	AJ	0.215	165.61	124_SBEW-E3	SBEW	E3	restoration	2009.0	no	yes	SBEW-E3	10.0	1.944643	9.0	0.214285714	0.0	0.0	0.0	9.0	33.0	0.272727273	10.10305558	94.389	1.591086	0.492372	1.570165	0.333832	0.254167	10.10305558	0.13200006	0.12710105
SBEW-E4-100.0	plate2	b4	AGCTGTCAAGCT	806rcbc111	m8	12/6/24	2022-22-06	AJ	0.223	128.17	100_SBEW-E4	SBEW	E4	restoration	2009.0	no	yes	SBEW-E4	11.0	2.1088795	15.0	0.283018868	1.0	0.018867925	0.0	15.0	38.0	0.394736842	10.70456853	44.846	1.44347	0.384337	1.63904	0.226513	0.3266	10.70456853	0.1766668	0.18151809
SF-A4-178.0	plate2	h10	TGTAAGACTTGG	806rcbc189	T6	2/5/25	2022-22-06	AJ	0.238	312.0	178_SF-A4	SF	A4	restoration	2001.0	no	yes	SF-A4	6.0	1.2035767	20.0	0.303030303	35.0	0.53030303	0.0	20.0	46.0	0.434782609	11.78191489	69.62	1.680716	0.914784	1.737419	0.50009	0.567195	11.78191489	0.25988184	0.26296916
SF-A5-49.0	plate3	e9	TGAGACCCTACA	806rcbc248	h1	11/4/24	6/22/22	RAM	0.24	56.66	49_SF-A5	SF	A5	restoration	2001.0	no	yes	SF-A5	11.0	1.8696161	36.0	0.493150685	10.0	0.136986301	0.0	36.0	37.0	0.972972973	5.765113125	39.47	1.701753	0.486937	1.5717	0.139097	0.296097	5.765113125	0.24003495	0.24052591
SF-B1-149.0	plate2	f5	AGTGTTTCGGAC	806rcbc160	Q11	1/29/25	2022-22-06	RAM	0.24	129.0	149_SF-B1	SF	B1	restoration	2001.0	no	yes	SF-B1	7.0	1.1737924	55.0	0.625	3.0	0.034090909	0.0	55.0	33.0	1.666666667	4.850670574	126.67	1.539461	0.527835	2.587843	0.123303	0.184954	4.850670574	0.21894176	0.21979419
SF-B3-107.0	plate2	b11	TATCTATCCTGC	806rcbc118	n3	12/6/24	2022-22-06	RAM	0.25	139.56	107_SF-B3	SF	B3	restoration	2001.0	no	yes	SF-B3	6.0	1.5910646	15.0	0.319148936	5.0	0.106382979	0.0	15.0	32.0	0.46875	7.675501876	63.538	1.70193	0.603869	2.062546	0.299008	0.562755	7.675501876	0.19621734	0.2147112
SF-C3-110.0	plate2	c2	GCAATTAGGTAC	806rcbc121	v7	12/6/24	2022-22-06	RAM	0.23	142.75	110_SF-C3	SF	C3	restoration	2001.0	no	yes	SF-C3	13.0	2.2466319	14.0	0.29787234	1.0	0.021276596	0.0	14.0	33.0	0.424242424	6.968170614	55.236	1.239411		2.216501	0.194804	0.143744	6.968170614	0.17447317	0.18163393
SF-D2-130.0	plate2	d10	GGATCGTAATAC	806rcbc141	P4	12/10/24	2022-22-06	AJ	0.214	152.95	130_SF-D2	SF	D2	restoration	2001.0	no	yes	SF-D2	15.0	2.2315113	26.0	0.419354839	6.0	0.096774194	0.0	26.0	36.0	0.722222222	10.97483188	62.47							0.22173368	0.24328328
SF-E1-75.0	plate3	g11	TATTTGATTGGT	806rcbc274	f8	11/20/24	6/22/22	AJ	0.222	98.2	75_SF-E1	SF	E1	restoration	2001.0	no	yes	SF-E1	6.0	0.9291881	51.0	0.728571429	12.0	0.171428571	0.0	51.0	19.0	2.684210526	5.500324184	69.09		0.509413	2.065606	0.266001	0.28784	5.500324184	0.15828593	0.17306974
SF-E3-4.0	plate3	a4	CCTAACGGTCCA	806rcbc195	a4	10/18/24	6/22/22	DK	0.2346	180.72	4_SF-E3	SF	E3	restoration	2001.0	no	yes	SF-E3	7.0	1.5493114	30.0	0.476190476	5.0	0.079365079	0.0	30.0	33.0	0.909090909	3.620023904	46.56	1.113514	0.676493	1.904161	0.1908	0.172265	3.620023904	0.20383888	0.21960003
SF-E4-43.0	plate3	e3	AGTAAAGATCGT	806rcbc242	g3	10/28/24	6/22/22	AJ	0.211	145.54	43_SF-E4	SF	E4	restoration	2001.0	no	yes	SF-E4	9.0	1.5547845	40.0	0.563380282	12.0	0.169014085	0.0	40.0	31.0	1.290322581	10.90140845	73.31	1.521742	0.66797	1.725399	0.222136	0.206967	10.90140845	0.23863357	0.23835137
SF-E5-7.0	plate3	a7	TACAATATCTGT	806rcbc198	a7	10/18/24	6/22/22	DK	0.2268	324.04	7_SF-E5	SF	E5	restoration	2001.0	no	yes	SF-E5	10.0	1.8256383	2.0	0.039215686	12.0	0.235294118	2.0	2.0	47.0	0.040816327	12.30589585	112.62	1.498511	0.683566	1.655917	0.252968	0.340287	12.30589585	0.23739307	0.2358947
TC-A1-186.0	plate1	a6	ATCGCACAGTAA	806rcbc5	J2	2/12/25	2022-21-06	AJ	0.24	179.0	186_TC-A1	TC	A1	restoration	2002.0	no	no	TC-A1	15.0	2.1414275	22.0	0.293333333	35.0	0.466666667	0.0	22.0	53.0	0.41509434	8.951072629	112.663	1.392142	0.49827	0.847821	0.286948	0.163813	8.951072629	0.24904795	0.27046728
TC-A4-187.0	plate1	a8	AGCGGAGGTTAG	806rcbc7	f9	2/12/25	2022-21-06	AJ	0.231	49.6	187_TC-A4	TC	A4	restoration	2002.0	no	no	TC-A4	16.0	2.3989001	15.0	0.245901639	10.0	0.163934426	0.0	15.0	46.0	0.326086957	5.563268544	15.439	1.104908	0.858955	1.986797	0.167723	0.130855	5.563268544	0.20479346	0.20967782
TC-A5-136.0	plate2	e4	ACAACACTCCGA	806rcbc147	P10	12/11/24	2022-21-06	AJ	0.246	106.35	136_TC-A5	TC	A5	restoration	2002.0	no	no	TC-A5	11.0	2.0397069	31.0	0.525423729	4.0	0.06779661	0.0	31.0	28.0	1.107142857	6.734306396	40.095	1.488008	0.625655	1.656308			6.734306396	0.22594886	0.2294139
TC-B1-36.0	plate3	d2	ACCTTACACCTT	806rcbc229	e6	10/28/24	6/21/22	RAM	0.23	105.35	36_TC-B1	TC	B1	restoration	2002.0	no	no	TC-B1	9.0	1.6136129	36.0	0.72	2.0	0.04	0.0	36.0	14.0	2.571428571	7.231895723	29.29	1.43085	0.483767	1.54563	0.173221	0.210926	7.231895723	0.19107121	0.20694705
TC-C3-168.0	plate2	g12	TTGACCGCGGTT	806rcbc179	d9	2/5/25	2022-21-06	RAM	0.24	95.6	168_TC-C3	TC	C3	restoration	2002.0	no	no	TC-C3	12.0	1.7964351	38.0	0.550724638	0.0	0.0	0.0	38.0	31.0	1.225806452	4.075631081	30.99	1.383443	0.452336	1.30581	0.159467	0.131174	4.075631081	0.20540862	0.22389435
TC-D2-24.0	plate3	c2	CGGGACACCCGA	806rcbc217	d2	10/18/24	6/21/22	AJ	0.2294	284.56	24_TC-D2	TC	D2	restoration	2002.0	no	no	TC-D2	14.0	1.751264	45.0	0.592105263	11.0	0.144736842	0.0	45.0	31.0	1.451612903	8.794530553	27.54	1.279037	0.668562	1.635771	0.160304	0.303752	8.794530553	0.19923057	0.21770482
TC-D5-14.0	plate3	b2	ATGCTGCAACAC	806rcbc205	b6	10/18/24	6/21/22	RAM	0.2328	91.02	14_TC-D5	TC	D5	restoration	2002.0	no	no	TC-D5	11.0	1.8315834	30.0	0.476190476	1.0	0.015873016	0.0	30.0	33.0	0.909090909	6.575081394	50.93	1.31954	0.360547	1.432684	0.205981	0.216584	6.575081394	0.20354903	0.22962492
TC-E1-172.0	plate2	h4	CTGTCAGTGACC	806rcbc183	S12	2/5/25	2022-21-06	AJ	0.22	236.0	172_TC-E1	TC	E1	restoration	2002.0	no	no	TC-E1	8.0	1.8289615	45.0	0.652173913	0.0	0.0	0.0	45.0	24.0	1.875	9.601261128	50.96	1.705015	0.637866	1.591584	0.372394	0.197877	9.601261128	0.21789393	0.22972005
TC-E2-30.0	plate3	c8	CGGTGACCTACT	806rcbc223	d8	10/28/24	6/21/22	DK	0.2223	140.67	30_TC-E2	TC	E2	restoration	2002.0	no	no	TC-E2	13.0	2.3385727	30.0	0.441176471	2.0	0.029411765	0.0	30.0	38.0	0.789473684	8.24635073	61.665	1.569919	0.625862	1.472169	0.262096	0.534529	8.24635073	0.20647219	0.22269149
TC-E3-33.0	plate3	c11	GAAATCTTGAAG	806rcbc226	e3	10/28/24	6/21/22	RAM	0.23	111.7	33_TC-E3	TC	E3	restoration	2002.0	no	no	TC-E3	13.0	1.9231745	31.0	0.632653061	1.0	0.020408163	0.0	31.0	18.0	1.722222222	5.296347956	50.68	1.229439	0.738065	1.616694	0.319267	0.119888	5.296347956	0.18637368	0.21259522
TCE-A2-13.0	plate3	b1	CGTATAAATGCG	806rcbc204	b5	10/18/24	6/21/22	RAM	0.2227	147.76	13_TCE-A2	TCE	A2	restoration	2002.0	no	no	TCE-A2	13.0	2.2626026	20.0	0.350877193	1.0	0.01754386	0.0	20.0	37.0	0.540540541	10.14572394	151.03	2.052442	0.697424	1.752283	0.2333	0.260679	10.14572394	0.19302314	0.19438572
TCE-A3-18.0	plate3	b6	ACGTGAGGAACG	806rcbc209	c2	10/18/24	6/21/22	AJ	0.2125	177.98	18_TCE-A3	TCE	A3	restoration	2002.0	no	no	TCE-A3	12.0	1.7802196	11.0	0.186440678	30.0	0.508474576	0.0	11.0	48.0	0.229166667	11.58570191	73.4	1.336956	0.495939	1.571957	0.218358	0.3449	11.58570191	0.22735817	0.25763624
TCE-B1-162.0	plate2	g6	AACGTAGGCTCT	806rcbc173	S2	1/29/25	2022-21-06	AJ		190.0	162_TCE-B1	TCE	B1	restoration	2002.0	no	no	TCE-B1	13.0	2.2133794	20.0	0.416666667	1.0	0.020833333	0.0	20.0	28.0	0.714285714	9.337827121	81.4	1.337128	0.384141	1.122176	0.273797	0.344418	9.337827121	0.21222071	0.22151955
TCE-C3-28.0	plate3	c6	AAGAACTCATGA	806rcbc221	d6	10/28/24	6/21/22	DK	0.2253	169.25	28_TCE-C3	TCE	C3	restoration	2002.0	no	no	TCE-C3	13.0	2.4799054	19.0	0.316666667	4.0	0.066666667	0.0	19.0	41.0	0.463414634	10.19484353	29.09	1.549542	0.672414	1.496211	0.300339	0.42581	10.19484353	0.19584643	0.21072798
TCE-C5-174.0	plate2	h6	GGTTCGGTCCAT	806rcbc185	T2	2/5/25	2022-21-06	AJ	0.216	256.0	174_TCE-C5	TCE	C5	restoration	2002.0	no	no	TCE-C5	13.0	1.8811946	8.0	0.126984127	1.0	0.015873016	1.0	8.0	54.0	0.145454545	11.58807524	69.26							0.12026463	0.12404483
TCE-D1-106.0	plate2	b10	GTATTTCGGACG	806rcbc117	n2	12/6/24	2022-21-06	RAM		126.13	106_TCE-D1	TCE	D1	restoration	2002.0	no	no	TCE-D1	15.0	2.019363	16.0	0.19047619	1.0	0.011904762	1.0	16.0	67.0	0.235294118	9.775153575	55.06	1.503393	0.535474	1.575391	0.248816	0.355922	9.775153575	0.14992368	0.14432274
TCE-D3-12.0	plate3	a12	AATTCACCTCCT	806rcbc203	b4	10/18/24	6/21/22	RAM	0.2412	119.79	12_TCE-D3	TCE	D3	restoration	2002.0	no	no	TCE-D3	16.0	2.4755733	12.0	0.184615385	1.0	0.015384615	1.0	12.0	52.0	0.226415094	9.162485374	50.09	1.697507	0.59582	0.899681	0.313101	0.196766	9.162485374	0.15645219	0.13464678
TCE-D4-8.0	plate3	a8	AATTTAGGTAGG	806rcbc199	a8	10/18/24	6/21/22	DK	0.236	148.0	8_TCE-D4	TCE	D4	restoration	2002.0	no	no	TCE-D4	18.0	2.5940307	14.0	0.179487179	5.0	0.064102564	0.0	14.0	64.0	0.21875	10.73109275	32.509	1.616337	0.528676	1.409584	0.314297	0.270817	10.73109275	0.15185746	0.16250992
TCE-E4-114.0	plate2	c6	TTCTCTCGACAT	806rcbc125	n10	12/6/24	2022-21-06	RAM	0.21	130.88	114_TCE-E4	TCE	E4	restoration	2002.0	no	no	TCE-E4	15.0	2.5468044	15.0	0.294117647	8.0	0.156862745	7.0	15.0	29.0	0.416666667	9.832845715	54.167	1.450882	0.476376	1.482166	0.251564	0.171438	9.832845715	0.2265807	0.23292103
TCR-A3-169.0	plate2	h1	GTGCAACCAATC	806rcbc180	S9	2/5/25	2022-21-06	RAM	0.22	324.0	169_TCR-A3	TCR	A3	remnant		no	no	TCR-A3	10.0	1.7917771	20.0	0.425531915	3.0	0.063829787	0.0	20.0	27.0	0.740740741	9.071616944	36.45	2.266008	0.775571	1.429538	0.352504	0.282163	9.071616944	0.2279851	0.22216562
TCR-B1-170.0	plate2	h2	GCTTGAGCTTGA	806rcbc181	S10	2/5/25	2022-21-06	RAM		228.0	170_TCR-B1	TCR	B1	remnant		no	no	TCR-B1	10.0	1.477096	58.0	0.623655914	2.0	0.021505376	25.0	58.0	10.0	1.657142857	14.38090062	44.86	1.921568	0.886804	1.191767	0.45171	0.295511	14.38090062	0.31077786	0.31431028
TCR-B4-166.0	plate2	g10	TTGATCCGGTAG	806rcbc177	S6	2/5/25	2022-21-06	RAM	0.23	400.0	166_TCR-B4	TCR	B4	remnant		no	no	TCR-B4	9.0	1.9769101	23.0	0.575	0.0	0.0	0.0	23.0	17.0	1.352941176	10.03102984	31.53							0.226843	0.22435648
TCR-C4-38.0	plate3	d4	ATCTAGTGGCAA	806rcbc231	e8	10/28/24	6/21/22	RAM	0.24	444.56	38_TCR-C4	TCR	C4	remnant		no	no	TCR-C4	5.0	0.8838531	40.0	0.85106383	0.0	0.0	5.0	40.0	2.0	5.714285714	15.9604631	37.2	1.64577	0.722507	0.937206	0.554868	0.303215	15.9604631	0.17196934	0.17060568
TCR-C5-68.0	plate3	g4	GTCGTCCAAATG	806rcbc267	j4	11/20/24	6/22/22	DK	0.2348	300.53	68_TCR-C5	TCR	C5	remnant		no	no	TCR-C5	7.0	1.4438956	80.0	0.869565217	0.0	0.0	0.0	80.0	12.0	6.666666667	9.28460445	37.07	1.482881	0.971604	1.392922	0.316971	0.230892	9.28460445	0.25184351	0.23576363
TCR-D1-19.0	plate3	b7	GGTTGCCCTGTA	806rcbc210	c3	10/18/24	6/21/22	AJ	0.2155	1075.33	19_TCR-D1	TCR	D1	remnant		no	no	TCR-D1	9.0	1.828149	20.0	0.307692308	0.0	0.0	13.0	20.0	32.0	0.444444444	17.83419501	43.63	1.707828	0.834678	1.942086	0.333415	0.230979	17.83419501	0.24241499	0.2482304
TCR-D3-115.0	plate2	c7	GCTCTCCGTAGA	806rcbc126	n11	12/10/24	2022-21-06	RAM	0.22	278.01	115_TCR-D3	TCR	D3	remnant		no	no	TCR-D3	6.0	1.3101896	33.0	0.846153846	0.0	0.0	0.0	33.0	6.0	5.5	11.3278413	31.63	1.461375	0.713265	0.976916			11.3278413	0.20596918	0.20867376
TCR-E1-70.0	plate3	g6	TTACTGTGGCCG	806rcbc269	c8	11/20/24	6/21/22	DK	0.2361	320.54	70_TCR-E1	TCR	E1	remnant		no	no	TCR-E1	8.0	1.2126397	80.0	0.869565217	0.0	0.0	8.0	80.0	4.0	6.666666667	8.224386993	33.16	1.495911	0.856002	1.95048			8.224386993	0.16384467	0.15672046
TCR-E2-11.0	plate3	a11	ACTACTGAGGAT	806rcbc202	b3	10/18/24	6/21/22	RAM	0.243	204.9	11_TCR-E2	TCR	E2	remnant		no	no	TCR-E2	13.0	2.0325001	40.0	0.444444444	0.0	0.0	2.0	40.0	48.0	0.8	7.428944402	50.93	1.377007	0.818897	2.075473	0.220176	0.194145	7.428944402	0.22015727	0.21720188
TCR-E4-138.0	plate2	e6	ACGACTGCATAA	806rcbc149	P12	12/11/24	2022-21-06	AJ	0.243	341.55	138_TCR-E4	TCR	E4	remnant		no	no	TCR-E4	8.0	1.6999957	16.0	0.301886792	0.0	0.0	0.0	16.0	37.0	0.432432432	14.50913707	43.31	1.386857	0.726493	0.882745			14.50913707	0.17663625	0.17383923
WH-A1-161.0	plate2	g5	CACTGGTGCATA	806rcbc172	S1	1/29/25	2022-22-06	AJ	0.243	159.0	161_WH-A1	WH	A1	restoration	1992.0	yes	yes	WH-A1	7.0	1.3178856	30.0	0.731707317	2.0	0.048780488	0.0	30.0	11.0	2.727272727	5.454471775	60.94	0.69157	0.403324	1.173076	0.230711	0.143069	5.454471775	0.16039347	0.16814437
WH-A4-32.0	plate3	c10	CTTGATTCTTGA	806rcbc225	c7	10/28/24	6/22/22	DK	0.2105	172.19	32_WH-A4	WH	A4	restoration	1992.0	yes	yes	WH-A4	10.0	2.1493739	10.0	0.285714286	8.0	0.228571429	0.0	10.0	25.0	0.4	7.484196673	93.56	1.276823	0.385864	1.443098	0.381626	0.42395	7.484196673	0.22763704	0.25082008
WH-B1-42.0	plate3	e2	GTAGTAGACCAT	806rcbc241	g2	10/28/24	6/22/22	AJ	0.242	178.4	42_WH-B1	WH	B1	restoration	1992.0	yes	yes	WH-B1	16.0	2.5167827	27.0	0.442622951	16.0	0.262295082	0.0	27.0	34.0	0.794117647	5.595481368	67.53	0.909465	0.360799	1.017902	0.206291	0.18563	5.595481368	0.25300535	0.26957363
WH-B2-135.0	plate2	e3	AGAGTCTTGCCA	806rcbc146	P9	12/11/24	2022-22-06	AJ	0.215	185.89	135_WH-B2	WH	B2	restoration	1992.0	yes	yes	WH-B2	6.0	1.3833544	14.0	0.245614035	38.0	0.666666667	1.0	14.0	42.0	0.325581395	7.660968913	38.87	1.216823	0.429141	1.521612	0.394997	0.492839	7.660968913	0.20330781	0.21198545
WH-B3-118.0	plate2	c10	GACATTGTCACG	806rcbc129	O2	12/10/24	2022-22-06	RAM	0.23	168.53	118_WH-B3	WH	B3	restoration	1992.0	yes	yes	WH-B3	10.0	2.093179	35.0	0.443037975	14.0	0.17721519	0.0	35.0	44.0	0.795454545	7.051843862	26.78	1.260186	0.540281	1.357362	0.443214	0.475385	7.051843862	0.2521308	0.26270497
WH-B5-65.0	plate3	g1	GGTGAGCAAGCA	806rcbc264	j1	11/20/24	6/22/22	DK	0.2316	187.71	65_WH-B5	WH	B5	restoration	1992.0	yes	yes	WH-B5	9.0	2.1310727	9.0	0.243243243	6.0	0.162162162	0.0	9.0	28.0	0.321428571	7.168332435	111.43	1.1685	0.415615	1.137306	0.279238	0.327045	7.168332435	0.19668494	0.21127738
WH-D1-129.0	plate2	d9	GGTTATTTGGCG	806rcbc140	P3	12/10/24	2022-22-06	AJ	0.22	202.18	129_WH-D1	WH	D1	restoration	1992.0	yes	yes	WH-D1	11.0	2.1231988	32.0	0.533333333	8.0	0.133333333	10.0	32.0	18.0	1.142857143	8.889464259	80.81	1.553202	0.712674	1.22611	0.374974	0.405946	8.889464259	0.25636329	0.26334532
WH-D2-151.0	plate2	f7	TGGCAAATCTAG	806rcbc162	R1	1/29/25	2022-22-06	RAM	0.24	70.8	151_WH-D2	WH	D2	restoration	1992.0	yes	yes	WH-D2	10.0	2.119095	15.0	0.3	10.0	0.2	0.0	15.0	35.0	0.428571429	6.510043414	40.37	1.159837	0.508623	1.024392	0.414314	0.344033	6.510043414	0.2235737	0.23618466
WH-D5-26.0	plate3	c4	TATGCCAGAGAT	806rcbc219	b7	10/28/24	6/22/22	DK	0.2255	104.34	26_WH-D5	WH	D5	restoration	1992.0	yes	yes	WH-D5	12.0	2.0146816	41.0	0.650793651	6.0	0.095238095	0.0	41.0	22.0	1.863636364	3.976245804	17.41	1.156303	0.533109	1.128035	0.264256	0.25584	3.976245804	0.24560221	0.25575238
WH-E3-45.0	plate3	e5	TCTCTTTCGACA	806rcbc244	v4	10/28/24	6/22/22	AJ	0.244	193.38	45_WH-E3	WH	E3	restoration	1992.0	yes	yes	WH-E3	12.0	2.0362707	25.0	0.520833333	4.0	0.083333333	0.0	25.0	23.0	1.086956522	4.980442345	58.83	1.047039	1.13999	1.957645	0.26222	0.39915	4.980442345	0.22719087	0.23986463
																																						
																																						
